[
{
  "model": "sessions.session",
  "pk": "3odz9gxpgscdhwyvlonerfg19mr8g02f",
  "fields": {
    "session_data": ".eJxVjEEOwiAUBe_C2hCgfCAu3XsG8viAVE2blHZlvLs26UK3b2beS0Rsa4tbL0scszgLI06_WwI_yrSDfMd0myXP07qMSe6KPGiX1zmX5-Vw_w4aevvW4GAVyGenODiuAw2oTBq1EJtkjfbZplAsaQ0HgtPKMLHylhV8Eu8P8UQ4DA:1qkm43:c2kJa1JgYP7sC2v7RT7UmUETGSBZ1DyerJ-cvzdwork",
    "expire_date": "2023-10-09T13:55:55.524Z"
  }
},
{
  "model": "users.customuser",
  "fields": {
    "password": "pbkdf2_sha256$600000$ALpKhukFvSv7R86NJPV2e1$CSg1cQ1JLp4H/fYjNKTlBcSRsnh3WGs978iD9uMmp1I=",
    "last_login": "2023-09-25T13:12:18.115Z",
    "is_superuser": false,
    "first_name": "test",
    "last_name": "test",
    "is_staff": false,
    "is_active": true,
    "date_joined": "2023-09-24T19:04:24.609Z",
    "email": "test@test.com",
    "picture": "",
    "groups": [],
    "user_permissions": []
  }
},
{
  "model": "users.customuser",
  "fields": {
    "password": "pbkdf2_sha256$600000$J8lsjXJUJqlAtBGuQ3Qxms$3u4OMbcdH/6KhKANvBENk75znSsQN+lTVp++DGXP8Ic=",
    "last_login": "2023-09-25T13:55:55.519Z",
    "is_superuser": false,
    "first_name": "test1",
    "last_name": "test1",
    "is_staff": false,
    "is_active": true,
    "date_joined": "2023-09-25T13:12:10.720Z",
    "email": "test1@test.com",
    "picture": "profile_pictures/25231_bggedFC.png",
    "groups": [],
    "user_permissions": []
  }
}
]
